{
  "properties": {
    "connectionReferences": {
      "shared_sharepointonline": {
        "runtimeSource": "invoker",
        "connection": {
          "connectionReferenceLogicalName": "jakegwyn_sharedsharepointonline_9db4f"
        },
        "api": {
          "name": "shared_sharepointonline"
        }
      }
    },
    "definition": {
      "$schema": "https://schema.management.azure.com/providers/Microsoft.Logic/schemas/2016-06-01/workflowdefinition.json#",
      "contentVersion": "1.0.0.0",
      "parameters": {
        "$connections": {
          "defaultValue": {},
          "type": "Object"
        },
        "$authentication": {
          "defaultValue": {},
          "type": "SecureObject"
        }
      },
      "triggers": {
        "manual": {
          "metadata": {
            "operationMetadataId": "b85ed55b-c7a0-4ef5-b758-1743e2b7d9e7"
          },
          "type": "Request",
          "kind": "Button",
          "inputs": {
            "schema": {
              "type": "object",
              "properties": {},
              "required": []
            }
          }
        }
      },
      "actions": {
        "Get_items": {
          "runAfter": {},
          "metadata": {
            "operationMetadataId": "4f6a07aa-e96b-4fb5-921f-4cac49e42640"
          },
          "type": "OpenApiConnection",
          "inputs": {
            "host": {
              "connectionName": "shared_sharepointonline",
              "operationId": "GetItems",
              "apiId": "/providers/Microsoft.PowerApps/apis/shared_sharepointonline"
            },
            "parameters": {
              "dataset": "https://jakegwynndemo.sharepoint.com/sites/LargeSPOList",
              "table": "290122c1-3a88-4312-8413-6452001ab47c",
              "$filter": "ListID eq cast(Id, 'Edm.String')"
            },
            "authentication": {
              "type": "Raw",
              "value": "@json(decodeBase64(triggerOutputs().headers['X-MS-APIM-Tokens']))['$ConnectionKey']"
            }
          },
          "runtimeConfiguration": {
            "paginationPolicy": {
              "minimumItemCount": 100000
            }
          }
        },
        "Apply_to_each": {
          "foreach": "@outputs('Get_items')?['body/value']",
          "actions": {
            "Condition": {
              "actions": {
                "Update_item": {
                  "runAfter": {},
                  "metadata": {
                    "operationMetadataId": "cf1df1b2-7f32-42da-bfd3-d6dcbc48ecac"
                  },
                  "type": "OpenApiConnection",
                  "inputs": {
                    "host": {
                      "connectionName": "shared_sharepointonline",
                      "operationId": "PatchItem",
                      "apiId": "/providers/Microsoft.PowerApps/apis/shared_sharepointonline"
                    },
                    "parameters": {
                      "dataset": "https://jakegwynndemo.sharepoint.com/sites/LargeSPOList",
                      "table": "290122c1-3a88-4312-8413-6452001ab47c",
                      "id": "@items('Apply_to_each')?['ID']",
                      "item/ListID": "@items('Apply_to_each')?['ID']"
                    },
                    "authentication": {
                      "type": "Raw",
                      "value": "@json(decodeBase64(triggerOutputs().headers['X-MS-APIM-Tokens']))['$ConnectionKey']"
                    }
                  }
                }
              },
              "runAfter": {},
              "expression": {
                "not": {
                  "equals": [
                    "@items('Apply_to_each')?['ID']",
                    "@items('Apply_to_each')?['ListID']"
                  ]
                }
              },
              "metadata": {
                "operationMetadataId": "9a16da3e-9558-43f3-9892-4856590a19ea"
              },
              "type": "If"
            }
          },
          "runAfter": {
            "Get_items": [
              "Failed"
            ]
          },
          "metadata": {
            "operationMetadataId": "9b3a63ba-1999-4789-ae25-c3dadc0361e1"
          },
          "type": "Foreach",
          "runtimeConfiguration": {
            "concurrency": {
              "repetitions": 10
            }
          }
        }
      }
    },
    "templateName": ""
  },
  "schemaVersion": "1.0.0.0"
}